{"timestamp": "3/21/2020 @ 13:8", "source": "C:\\Users\\Adam\\Documents\\VRP\\clients\\demo2\\route_info\\solution_dumps\\benchmark_test.json", "poly": [[-74.6101771, 41.214725], [-74.628083, 41.237415], [-74.626621, 41.237927], [-74.6487361, 41.2818172], [-74.6486958, 41.2821483], [-74.6580191, 41.2540985], [-74.6415716, 41.231529], [-74.6313262, 41.2209555], [-74.6284897, 41.204725], [-74.6101771, 41.214725], [-74.6101771, 41.214725], [-74.6101771, 41.214725], [-74.628083, 41.237415], [-74.626621, 41.237927], [-74.6487361, 41.2818172], [-74.6486958, 41.2821483], [-74.6580191, 41.2540985], [-74.6415716, 41.231529], [-74.6313262, 41.2209555], [-74.6284897, 41.204725], [-74.6101771, 41.214725], [-74.6101771, 41.214725], [-74.6101771, 41.214725], [-74.5560057, 41.2013452], [-74.515157, 41.227684], [-74.5064759, 41.2497259], [-74.4991047, 41.2254838], [-74.6101771, 41.214725], [-74.6101771, 41.214725], [-74.6101771, 41.214725], [-74.628083, 41.237415], [-74.626621, 41.237927], [-74.6487361, 41.2818172], [-74.6486958, 41.2821483], [-74.6580191, 41.2540985], [-74.6415716, 41.231529], [-74.6313262, 41.2209555], [-74.6284897, 41.204725], [-74.6101771, 41.214725], [-74.6101771, 41.214725], [-74.6101771, 41.214725], [-74.5560057, 41.2013452], [-74.515157, 41.227684], [-74.5064759, 41.2497259], [-74.4991047, 41.2254838], [-74.6101771, 41.214725], [-74.6101771, 41.214725], [-74.6101771, 41.214725], [-74.5469431, 41.2330473], [-74.538206, 41.2421197], [-74.6041167, 41.2104643], [-74.6092815, 41.2081002], [-74.6101771, 41.214725], [-74.6101771, 41.214725]], "fuel": [6.119747661968652, 6.792279008210552, 5.195957134523832, null, null], "time": [24506.0, 14701.0, 12699.0, null, null], "route_nums": [[0, 9, 6, 1, 11, 2, 12, 10, 0], [0, 5, 13, 3, 0], [0, 14, 4, 8, 0], [], []], "route_names": [["36 Highland Ave, Sussex, NJ 07461, USA", "13 Spring Hollow Rd, Wantage, NJ 07461, USA", "27 Fairchild Ln, Wantage, NJ 07461, USA", "32 Mudtown Rd, Wantage, NJ 07461, USA", "37 Mudtown Rd, Wantage, NJ 07461, USA", "70 Snover Rd, Wantage, NJ 07461, USA", "137 Libertyville Rd, Sussex, NJ 07461, USA", "1 S Shore Dr, Wantage, NJ 07461, USA", "36 Highland Ave, Sussex, NJ 07461, USA"], ["36 Highland Ave, Sussex, NJ 07461, USA", "14 Eric Trail, Sussex, NJ 07461, USA", "10 Glen Dr, Sussex, NJ 07461, USA", "1 Hunter Ridge Rd, Sussex, NJ 07461, USA", "36 Highland Ave, Sussex, NJ 07461, USA"], ["36 Highland Ave, Sussex, NJ 07461, USA", "104 Lake Wallkill Rd, Sussex, NJ 07461, USA", "14 High Point Rd, Sussex, NJ 07461, USA", "4 Wilson Rd, Sussex, NJ 07461, USA", "36 Highland Ave, Sussex, NJ 07461, USA"], [], []]}