{"timestamp": "3/21/2020 @ 13:19", "source": "C:\\Users\\Adam\\Documents\\VRP\\clients\\demo2\\route_info\\solution_dumps\\benchmark_2.json", "poly": [[-74.6101771, 41.214725], [-74.5560057, 41.2013452], [-74.515157, 41.227684], [-74.5064759, 41.2497259], [-74.4991047, 41.2254838], [-74.6092815, 41.2081002], [-74.6101771, 41.214725], [-74.6101771, 41.214725], [-74.6101771, 41.214725], [-74.5560057, 41.2013452], [-74.515157, 41.227684], [-74.5064759, 41.2497259], [-74.4991047, 41.2254838], [-74.6092815, 41.2081002], [-74.6101771, 41.214725], [-74.6101771, 41.214725], [-74.6101771, 41.214725], [-74.628083, 41.237415], [-74.626621, 41.237927], [-74.6486958, 41.2821483], [-74.6487361, 41.2818172], [-74.6580191, 41.2540985], [-74.6415716, 41.231529], [-74.6313262, 41.2209555], [-74.6284897, 41.204725], [-74.6101771, 41.214725], [-74.6101771, 41.214725], [-74.6101771, 41.214725], [-74.5560057, 41.2013452], [-74.515157, 41.227684], [-74.5064759, 41.2497259], [-74.4991047, 41.2254838], [-74.6092815, 41.2081002], [-74.6101771, 41.214725], [-74.6101771, 41.214725], [-74.6101771, 41.214725], [-74.628083, 41.237415], [-74.626621, 41.237927], [-74.6486958, 41.2821483], [-74.6487361, 41.2818172], [-74.6580191, 41.2540985], [-74.6415716, 41.231529], [-74.6313262, 41.2209555], [-74.6284897, 41.204725], [-74.6101771, 41.214725], [-74.6101771, 41.214725], [-74.6101771, 41.214725], [-74.5469431, 41.2330473], [-74.538206, 41.2421197], [-74.6041167, 41.2104643], [-74.6101771, 41.214725], [-74.6101771, 41.214725]], "fuel": [7.050589917769039, null, null, 6.11959085235434, 4.945957134523832], "time": [15312.0, null, null, 24506.0, 12099.0], "route_nums": [[0, 5, 13, 3, 16, 0], [], [], [0, 9, 6, 11, 1, 2, 12, 10, 0], [0, 14, 4, 0]], "route_names": [["36 Highland Ave, Sussex, NJ 07461, USA", "14 Eric Trail, Sussex, NJ 07461, USA", "10 Glen Dr, Sussex, NJ 07461, USA", "1 Hunter Ridge Rd, Sussex, NJ 07461, USA", "19 Dorchester Dr, Sussex, NJ 07461, USA", "36 Highland Ave, Sussex, NJ 07461, USA"], [], [], ["36 Highland Ave, Sussex, NJ 07461, USA", "13 Spring Hollow Rd, Wantage, NJ 07461, USA", "27 Fairchild Ln, Wantage, NJ 07461, USA", "37 Mudtown Rd, Wantage, NJ 07461, USA", "32 Mudtown Rd, Wantage, NJ 07461, USA", "70 Snover Rd, Wantage, NJ 07461, USA", "137 Libertyville Rd, Sussex, NJ 07461, USA", "1 S Shore Dr, Wantage, NJ 07461, USA", "36 Highland Ave, Sussex, NJ 07461, USA"], ["36 Highland Ave, Sussex, NJ 07461, USA", "104 Lake Wallkill Rd, Sussex, NJ 07461, USA", "14 High Point Rd, Sussex, NJ 07461, USA", "36 Highland Ave, Sussex, NJ 07461, USA"]]}