{
    "fuel_econ" : 6377.16,
    "day_keys" : ["monday", "tuesday", "wednesday", "thursday", "friday"],
    "cost_params" : {
        "fuel" : [0.6446, 0.6446, 0.6446, 0.6446, 0.6446],
        "labor" : [0.00417, 0.00417, 0.00417, 0.00417, 0.00417]
    },
    "crew_params" : [null, null, null, null, null],
    "fuel_const" : [7.567, 7.567, 7.567, 7.567, 7.567],
    "time_const" : [25000, 25000, 25000, 25000, 25000]
}
