{"timestamp": "3/7/2020 @ 19:9", "address list": ["36 Highland Ave, Sussex, NJ 07461, USA", "32 Mudtown Rd, Wantage, NJ 07461, USA", "70 Snover Rd, Wantage, NJ 07461, USA", "1 Hunter Ridge Rd, Sussex, NJ 07461, USA", "14 High Point Rd, Sussex, NJ 07461, USA", "14 Eric Trail, Sussex, NJ 07461, USA", "27 Fairchild Ln, Wantage, NJ 07461, USA", "2 Main St, Sussex, NJ 07461, USA", "4 Wilson Rd, Sussex, NJ 07461, USA", "13 Spring Hollow Rd, Wantage, NJ 07461, USA", "1 S Shore Dr, Wantage, NJ 07461, USA", "37 Mudtown Rd, Wantage, NJ 07461, USA", "137 Libertyville Rd, Sussex, NJ 07461, USA", "10 Glen Dr, Sussex, NJ 07461, USA", "104 Lake Wallkill Rd, Sussex, NJ 07461, USA", "60 Newman Rd, Wantage, NJ 07461, USA", "19 Dorchester Dr, Sussex, NJ 07461, USA"], "map": [0, 1, 2, 3, 4, 5, 6, 7, 8, 9, 10, 11, 12, 13, 14, 15, 16], "best feasible": {"sol": [[null, null, null, null, null, null, null, null, null, null, null, null, null, null, null, null, null], [5, null, null, null, 8, 14, null, 0, 7, null, null, null, null, null, 4, null, null], [null, null, null, null, null, null, null, null, null, null, null, null, null, null, null, null, null], [9, 11, 12, null, null, null, 1, null, null, 6, 15, 2, 10, null, null, 0, null], [13, null, null, 16, null, null, null, null, null, null, null, null, null, 3, null, null, 0]], "poly": [[[-74.6101771, 41.214725], [-74.5560057, 41.2013452], [-74.5469431, 41.2330473], [-74.538206, 41.2421197], [-74.6041167, 41.2104643], [-74.6092815, 41.2081002], [-74.6101771, 41.214725], [-74.6101771, 41.214725], [-74.6101771, 41.214725], [-74.5560057, 41.2013452], [-74.5469431, 41.2330473], [-74.538206, 41.2421197], [-74.6041167, 41.2104643], [-74.6092815, 41.2081002], [-74.6101771, 41.214725], [-74.6101771, 41.214725], [-74.6101771, 41.214725], [-74.628083, 41.237415], [-74.626621, 41.237927], [-74.6487361, 41.2818172], [-74.6486958, 41.2821483], [-74.6580191, 41.2540985], [-74.6415716, 41.231529], [-74.6313262, 41.2209555], [-74.6284897, 41.204725], [-74.6101771, 41.214725], [-74.6101771, 41.214725], [-74.6101771, 41.214725], [-74.5560057, 41.2013452], [-74.5469431, 41.2330473], [-74.538206, 41.2421197], [-74.6041167, 41.2104643], [-74.6092815, 41.2081002], [-74.6101771, 41.214725], [-74.6101771, 41.214725], [-74.6101771, 41.214725], [-74.628083, 41.237415], [-74.626621, 41.237927], [-74.6487361, 41.2818172], [-74.6486958, 41.2821483], [-74.6580191, 41.2540985], [-74.6415716, 41.231529], [-74.6313262, 41.2209555], [-74.6284897, 41.204725], [-74.6101771, 41.214725], [-74.6101771, 41.214725], [-74.6101771, 41.214725], [-74.515157, 41.227684], [-74.5064759, 41.2497259], [-74.4991047, 41.2254838], [-74.6101771, 41.214725], [-74.6101771, 41.214725]]], "time": [null, 14388.0, null, 24506.0, 13022.0], "dist": [null, 26108.0, null, 24678.0, 34542.0]}, "best infeasible": {"sol": [[null, null, null, null, null, null, null, null, null, null, null, null, null, null, null, null, null], [5, null, null, null, 8, 14, null, 0, 7, null, null, null, null, null, 4, null, null], [null, null, null, null, null, null, null, null, null, null, null, null, null, null, null, null, null], [9, 11, 12, null, null, null, 1, null, null, 6, 15, 2, 10, null, null, 0, null], [13, null, null, 16, null, null, null, null, null, null, null, null, null, 3, null, null, 0]], "poly": [[[-74.6101771, 41.214725], [-74.5560057, 41.2013452], [-74.5469431, 41.2330473], [-74.538206, 41.2421197], [-74.6041167, 41.2104643], [-74.6092815, 41.2081002], [-74.6101771, 41.214725], [-74.6101771, 41.214725], [-74.6101771, 41.214725], [-74.5560057, 41.2013452], [-74.5469431, 41.2330473], [-74.538206, 41.2421197], [-74.6041167, 41.2104643], [-74.6092815, 41.2081002], [-74.6101771, 41.214725], [-74.6101771, 41.214725], [-74.6101771, 41.214725], [-74.628083, 41.237415], [-74.626621, 41.237927], [-74.6487361, 41.2818172], [-74.6486958, 41.2821483], [-74.6580191, 41.2540985], [-74.6415716, 41.231529], [-74.6313262, 41.2209555], [-74.6284897, 41.204725], [-74.6101771, 41.214725], [-74.6101771, 41.214725], [-74.6101771, 41.214725], [-74.5560057, 41.2013452], [-74.5469431, 41.2330473], [-74.538206, 41.2421197], [-74.6041167, 41.2104643], [-74.6092815, 41.2081002], [-74.6101771, 41.214725], [-74.6101771, 41.214725], [-74.6101771, 41.214725], [-74.628083, 41.237415], [-74.626621, 41.237927], [-74.6487361, 41.2818172], [-74.6486958, 41.2821483], [-74.6580191, 41.2540985], [-74.6415716, 41.231529], [-74.6313262, 41.2209555], [-74.6284897, 41.204725], [-74.6101771, 41.214725], [-74.6101771, 41.214725], [-74.6101771, 41.214725], [-74.515157, 41.227684], [-74.5064759, 41.2497259], [-74.4991047, 41.2254838], [-74.6101771, 41.214725], [-74.6101771, 41.214725]]], "time": [null, 14388.0, null, 24506.0, 13022.0], "dist": [null, 26108.0, null, 24678.0, 34542.0]}, "selection freqs": ["0.000%", "2.689%", "4.248%", "3.624%", "3.235%", "7.171%", "6.080%", "10.055%", "9.899%", "5.300%", "7.755%", "3.624%", "5.612%", "3.079%", "4.209%", "8.028%", "2.845%"], "duration matrix": [[0.0, 1993.0, 3278.0, 4466.0, 5027.0, 2084.0, 3677.0, 768.0, 1363.0, 1662.0, 4353.0, 4695.0, 2344.0, 2718.0, 3484.0, 1640.0, 3815.0], [2665.0, 0.0, 2991.0, 4686.0, 5245.0, 2540.0, 3775.0, 1225.0, 1819.0, 1760.0, 4653.0, 4142.0, 2440.0, 3174.0, 3782.0, 2096.0, 4210.0], [2643.0, 1678.0, 0.0, 4709.0, 5268.0, 2518.0, 3746.0, 1203.0, 1797.0, 1731.0, 4480.0, 4381.0, 2268.0, 3152.0, 3805.0, 1962.0, 4233.0], [2969.0, 2556.0, 3894.0, 0.0, 4785.0, 2125.0, 4313.0, 1376.0, 1891.0, 2299.0, 5083.0, 5259.0, 3073.0, 2152.0, 3321.0, 2349.0, 3168.0], [2973.0, 2561.0, 3899.0, 4228.0, 0.0, 2048.0, 4318.0, 1381.0, 1895.0, 2303.0, 5088.0, 5263.0, 3078.0, 2583.0, 3038.0, 2355.0, 3703.0], [2665.0, 2438.0, 3723.0, 4153.0, 4633.0, 0.0, 4122.0, 1042.0, 1608.0, 2108.0, 4799.0, 5140.0, 2789.0, 2313.0, 3089.0, 2003.0, 3424.0], [2429.0, 1860.0, 3145.0, 4541.0, 5100.0, 2305.0, 0.0, 989.0, 1584.0, 1346.0, 4446.0, 4562.0, 2305.0, 2939.0, 3636.0, 1860.0, 4036.0], [2235.0, 2007.0, 3292.0, 4352.0, 4911.0, 2015.0, 3691.0, 0.0, 1185.0, 1677.0, 4368.0, 4710.0, 2358.0, 2649.0, 3415.0, 1573.0, 3746.0], [2356.0, 2128.0, 3413.0, 4413.0, 4972.0, 2100.0, 3812.0, 721.0, 0.0, 1798.0, 4489.0, 4830.0, 2479.0, 2734.0, 3509.0, 1693.0, 3831.0], [2455.0, 1886.0, 3170.0, 4567.0, 5126.0, 2331.0, 3386.0, 1015.0, 1610.0, 0.0, 4472.0, 4588.0, 2331.0, 2964.0, 3662.0, 1886.0, 4062.0], [2334.0, 1947.0, 3113.0, 4540.0, 5153.0, 2210.0, 3679.0, 894.0, 1489.0, 1664.0, 0.0, 4649.0, 2163.0, 2844.0, 3609.0, 1622.0, 3941.0], [2667.0, 1442.0, 2993.0, 4688.0, 5247.0, 2543.0, 3777.0, 1227.0, 1822.0, 1762.0, 4655.0, 0.0, 2442.0, 3176.0, 3784.0, 2098.0, 4213.0], [2415.0, 1847.0, 2990.0, 4621.0, 5234.0, 2291.0, 3614.0, 975.0, 1570.0, 1600.0, 4252.0, 4549.0, 0.0, 2924.0, 3690.0, 1735.0, 4022.0], [3112.0, 2884.0, 4169.0, 3998.0, 4986.0, 2130.0, 4568.0, 1488.0, 2055.0, 2554.0, 5245.0, 5587.0, 3235.0, 0.0, 3442.0, 2450.0, 3367.0], [2799.0, 2425.0, 3763.0, 4092.0, 4364.0, 1830.0, 4182.0, 1176.0, 1742.0, 2167.0, 4933.0, 5127.0, 2923.0, 2365.0, 0.0, 2137.0, 3486.0], [2321.0, 2094.0, 3290.0, 4534.0, 5041.0, 2098.0, 3778.0, 782.0, 1377.0, 1763.0, 4317.0, 4796.0, 2340.0, 2731.0, 3497.0, 0.0, 3829.0], [3138.0, 2832.0, 4196.0, 3944.0, 5037.0, 2163.0, 4595.0, 1514.0, 2081.0, 2580.0, 5271.0, 5535.0, 3262.0, 2298.0, 3493.0, 2476.0, 0.0]],